#Daily/Hourly Sums represent an integration over time. Basically by summing the readings over the number of seconds in the measurement period, the units of radiant power are converted to radiant energy and are useful for studying effects related to exposure. Current available values are Caldwell biological spectral weighting function, Flint biological spectral weighting function, erythemally weighted irradiance, UV-A irradiance, and UV-B irradiance and spectral weighting function Vitamin D.
#Location: North Carolina,Raleigh
#Latitude: 35.728000 N
#Longitude: 78.680000 W
#Elevation: 120 m
#Internal ID: NC02
#Local Standard Date Time: YYYY-MM-DD
#Local Day of year: DOY
#Sums: UVA (J/(m^2 day/hour)), UVB (J/(m^2 day/hour)), Erythemal (J/(m^2 day/hour)), Flint (J/(m^2 day/hour)), Caldwell (J/(m^2 day/hour)), Vitamin D (J/(m^2 day/hour))
ID  ,Date      ,DOY,       UVA,       UVB, Erythemal,     Flint,  Caldwell, Vitamin D
NC02,2019-01-01,  1,374420.000,  7802.500,   962.630,  4752.600,  1267.400,  1792.800
NC02,2019-01-02,  2,399770.000,  6985.900,   867.610,  4327.000,  1057.600,  1531.800
NC02,2019-01-03,  3,168840.000,  2823.900,   349.540,  1794.100,   376.330,   572.320
NC02,2019-01-04,  4, 81329.000,  1564.000,   187.050,   967.990,   209.630,   317.140
NC02,2019-01-05,  5,555160.000,  8697.500,  1091.000,  5486.900,  1139.100,  1742.300
NC02,2019-01-06,  6,609210.000,  9404.600,  1187.000,  5884.800,  1384.300,  2025.400
NC02,2019-01-07,  7,489660.000,  8114.700,  1040.900,  5054.000,  1345.300,  1894.000
NC02,2019-01-08,  8,590730.000,  9269.100,  1165.300,  5782.400,  1370.800,  2002.400
NC02,2019-01-09,  9,621790.000,  9124.800,  1153.200,  5792.500,  1199.200,  1831.200
NC02,2019-01-10, 10,537190.000,  8899.000,  1113.800,  5541.400,  1264.800,  1873.700
NC02,2019-01-11, 11,516630.000,  8229.700,  1039.600,  5174.500,  1083.700,  1654.100
NC02,2019-01-12, 12,179100.000,  3471.600,   417.620,  2132.900,   466.970,   705.380
NC02,2019-01-13, 13,161390.000,  3141.100,   376.380,  1930.900,   426.040,   641.670
NC02,2019-01-14, 14,349500.000,  5931.600,   727.780,  3702.000,   779.860,  1189.500
NC02,2019-01-15, 15,396850.000,  6131.600,   763.870,  3900.300,   748.640,  1178.000
NC02,2019-01-16, 16,570150.000,  8918.900,  1110.300,  5614.700,  1159.400,  1777.400
NC02,2019-01-17, 17,482700.000,  8271.400,  1019.000,  5135.000,  1159.200,  1725.400
NC02,2019-01-18, 18,612750.000, 10253.000,  1268.500,  6363.700,  1423.800,  2126.700
NC02,2019-01-19, 19,167630.000,  3093.500,   372.980,  1914.700,   411.040,   623.920
NC02,2019-01-20, 20,417000.000,  5900.600,   751.810,  3815.400,   712.910,  1128.800
NC02,2019-01-21, 21,613550.000,  8332.000,  1073.300,  5386.400,  1067.700,  1649.400
NC02,2019-01-22, 22,653220.000, 10315.000,  1301.200,  6450.100,  1514.100,  2218.500
NC02,2019-01-23, 23,457440.000,  8055.700,   993.100,  4983.800,  1170.700,  1719.900
NC02,2019-01-24, 24,413160.000,  7364.600,   903.680,  4570.200,   970.650,  1479.800
NC02,2019-01-25, 25,653400.000, 10374.000,  1290.900,  6494.500,  1396.000,  2111.300
NC02,2019-01-26, 26,636450.000,  8901.700,  1133.100,  5727.200,  1103.300,  1727.400
NC02,2019-01-27, 27,502170.000,  8158.300,  1004.600,  5129.300,  1040.000,  1607.500
NC02,2019-01-28, 28,534780.000,  8625.700,  1064.600,  5432.900,  1072.800,  1676.100
NC02,2019-01-29, 29,340340.000,  6124.800,   740.740,  3793.600,   789.360,  1213.900
NC02,2019-01-30, 30,652930.000, 11563.000,  1425.000,  7138.100,  1586.100,  2380.900
NC02,2019-01-31, 31, -9998.000, -9998.000, -9998.000, -9998.000, -9998.000, -9998.000
NC02,2019-02-01, 32,611620.000,  8991.200,  1155.900,  5759.400,  1126.100,  1757.800
NC02,2019-02-02, 33,665550.000, 10726.000,  1353.900,  6715.700,  1518.400,  2255.400
NC02,2019-02-03, 34,385000.000,  6701.700,   829.060,  4189.000,   921.710,  1383.300
NC02,2019-02-04, 35,749860.000, 13256.000,  1687.300,  8216.500,  2105.400,  3003.200
NC02,2019-02-05, 36,844710.000, 15409.000,  1989.200,  9533.000,  2592.600,  3630.900
NC02,2019-02-06, 37,709840.000, 15645.000,  1962.100,  9454.200,  2680.000,  3726.200
NC02,2019-02-07, 38,725830.000, 14431.000,  1862.500,  8858.900,  2536.600,  3502.400
NC02,2019-02-08, 39,763660.000, 13190.000,  1731.500,  8266.500,  2248.600,  3138.300
NC02,2019-02-09, 40,624810.000, 12125.000,  1544.400,  7466.500,  2016.900,  2833.100
NC02,2019-02-10, 41,445190.000,  9267.800,  1165.300,  5669.300,  1542.900,  2166.300
NC02,2019-02-11, 42,253060.000,  5711.200,   715.520,  3481.600,   969.730,  1352.500
NC02,2019-02-12, 43,287960.000,  6676.300,   841.910,  4063.600,  1160.900,  1607.100
NC02,2019-02-13, 44,753050.000, 13763.000,  1731.800,  8552.400,  2067.300,  3005.600
NC02,2019-02-14, 45,782040.000, 12538.000,  1582.000,  7895.400,  1755.200,  2619.100
NC02,2019-02-15, 46,635140.000, 10459.000,  1309.600,  6603.600,  1423.700,  2146.700
NC02,2019-02-16, 47,154640.000,  3321.900,   398.040,  2042.500,   449.760,   678.670
NC02,2019-02-17, 48,189590.000,  3711.200,   454.720,  2304.000,   525.710,   780.240
NC02,2019-02-18, 49,824390.000, 17498.000,  2273.900, 10699.000,  3181.100,  4345.300
NC02,2019-02-19, 50,395410.000,  7472.400,   961.720,  4654.400,  1253.900,  1756.900
NC02,2019-02-20, 51,136970.000,  3083.100,   384.460,  1895.100,   505.550,   712.940
NC02,2019-02-21, 52,427500.000,  9425.500,  1225.600,  5767.300,  1728.900,  2354.900
NC02,2019-02-22, 53,182220.000,  4813.300,   609.670,  2909.600,   875.080,  1194.100
NC02,2019-02-23, 54, 83869.000,  1911.500,   237.030,  1164.800,   306.780,   435.560
NC02,2019-02-24, 55,538250.000, 11640.000,  1489.700,  7111.800,  2035.200,  2812.200
NC02,2019-02-25, 56,1086900.000, 20959.000,  2702.600, 12888.000,  3591.800,  4995.000
NC02,2019-02-26, 57,939160.000, 16602.000,  2202.000, 10401.000,  2901.000,  4013.700
NC02,2019-02-27, 58,515110.000, 10604.000,  1350.300,  6528.900,  1778.800,  2490.400
NC02,2019-02-28, 59, -9998.000, -9998.000, -9998.000, -9998.000, -9998.000, -9998.000
NC02,2019-03-01, 60,142050.000,  3058.700,   377.010,  1876.100,   477.350,   684.170
NC02,2019-03-02, 61,897560.000, 16756.000,  2089.500, 10365.000,  2492.300,  3635.100
NC02,2019-03-03, 62,261870.000,  6025.900,   744.150,  3664.000,   977.540,  1382.300
NC02,2019-03-04, 63,724060.000, 14074.000,  1760.300,  8698.000,  2146.600,  3103.400
NC02,2019-03-05, 64,623910.000, 12506.000,  1551.500,  7696.500,  1897.100,  2747.000
NC02,2019-03-06, 65,869390.000, 13572.000,  1704.300,  8695.200,  1598.600,  2562.100
NC02,2019-03-07, 66,884200.000, 17533.000,  2206.500, 10782.000,  2767.100,  3952.900
NC02,2019-03-08, 67,280200.000,  5706.600,   696.940,  3513.900,   820.710,  1211.000
NC02,2019-03-09, 68,239580.000,  5437.300,   665.450,  3311.300,   842.220,  1209.600
NC02,2019-03-10, 69,654260.000, 14169.000,  1771.200,  8655.800,  2291.600,  3244.900
NC02,2019-03-11, 70,847770.000, 19369.000,  2477.000, 11760.000,  3417.300,  4703.700
NC02,2019-03-12, 71,987850.000, 18778.000,  2342.000, 11611.000,  2783.200,  4065.600
NC02,2019-03-13, 72,1042000.000, 22037.000,  2790.500, 13447.000,  3671.500,  5147.500
NC02,2019-03-14, 73,1075100.000, 23707.000,  3057.200, 14430.000,  4210.800,  5784.000
NC02,2019-03-15, 74,510010.000, 12621.000,  1587.500,  7609.600,  2198.900,  3037.000
NC02,2019-03-16, 75,1011800.000, 22016.000,  2796.500, 13413.000,  3740.000,  5210.100
NC02,2019-03-17, 76,1067600.000, 18091.000,  2313.900, 11392.000,  2696.400,  3934.500
NC02,2019-03-18, 77,1006200.000, 18854.000,  2390.900, 11660.000,  2978.800,  4252.800
NC02,2019-03-19, 78,1116300.000, 21627.000,  2713.600, 13336.000,  3313.300,  4782.600
NC02,2019-03-20, 79,435860.000,  9524.900,  1169.000,  5812.100,  1465.800,  2109.900
NC02,2019-03-21, 80,696390.000, 14369.000,  1780.600,  8816.900,  2188.200,  3163.500
NC02,2019-03-22, 81,1183500.000, 24426.000,  3058.600, 14926.000,  3884.700,  5531.200
NC02,2019-03-23, 82,1225700.000, 25419.000,  3171.100, 15507.000,  4011.900,  5726.000
NC02,2019-03-24, 83,1214200.000, 25982.000,  3287.600, 15815.000,  4330.700,  6068.800
NC02,2019-03-25, 84,697080.000, 15450.000,  1946.000,  9385.600,  2588.400,  3620.200
NC02,2019-03-26, 85,1097600.000, 23463.000,  2983.900, 14337.000,  3912.400,  5482.900
NC02,2019-03-27, 86,1190700.000, 23052.000,  2886.900, 14189.000,  3510.400,  5075.100
NC02,2019-03-28, 87,1274900.000, 23554.000,  2963.200, 14597.000,  3521.800,  5128.600
NC02,2019-03-29, 88,1249200.000, 25399.000,  3247.300, 15573.000,  4219.300,  5920.600
NC02,2019-03-30, 89,959530.000, 19827.000,  2511.200, 12137.000,  3236.200,  4567.300
NC02,2019-03-31, 90, -9998.000, -9998.000, -9998.000, -9998.000, -9998.000, -9998.000
NC02,2019-04-01, 91,1181100.000, 23969.000,  3010.600, 14704.000,  3759.300,  5378.900
NC02,2019-04-02, 92,174520.000,  3429.700,   417.860,  2139.500,   452.780,   690.950
NC02,2019-04-03, 93,1296400.000, 27739.000,  3510.100, 16913.000,  4582.100,  6439.300
NC02,2019-04-04, 94,1216600.000, 26644.000,  3373.600, 16220.000,  4436.100,  6217.400
NC02,2019-04-05, 95,290330.000,  6380.300,   777.870,  3905.600,   940.700,  1375.300
NC02,2019-04-06, 96,823700.000, 19251.000,  2428.700, 11676.000,  3256.500,  4539.400
NC02,2019-04-07, 97,669090.000, 16438.000,  2088.000,  9936.300,  2879.400,  3968.100
NC02,2019-04-08, 98,865820.000, 22300.000,  2874.500, 13424.000,  4108.100,  5571.700
NC02,2019-04-09, 99,624400.000, 15428.000,  1964.400,  9336.200,  2699.500,  3721.500
NC02,2019-04-10,100,1376000.000, 32484.000,  4185.000, 19690.000,  5777.700,  7925.000
NC02,2019-04-11,101,1364100.000, 33017.000,  4295.400, 19973.000,  6077.200,  8246.800
NC02,2019-04-12,102,335480.000,  8363.100,  1058.500,  5066.400,  1456.000,  2010.700
NC02,2019-04-13,103,596910.000, 14385.000,  1833.300,  8727.400,  2505.300,  3458.800
NC02,2019-04-14,104,706990.000, 17564.000,  2252.900, 10633.000,  3139.400,  4298.500
NC02,2019-04-15,105,1450900.000, 33532.000,  4277.900, 20368.000,  5739.700,  7972.400
NC02,2019-04-16,106,1477700.000, 31963.000,  4180.400, 19621.000,  5667.800,  7783.300
NC02,2019-04-17,107,1343800.000, 30868.000,  3979.400, 18748.000,  5461.000,  7502.500
NC02,2019-04-18,108,1439000.000, 36156.000,  4698.300, 21828.000,  6692.400,  9063.600
NC02,2019-04-19,109,485860.000, 14177.000,  1799.800,  8461.900,  2607.700,  3537.200
NC02,2019-04-20,110,951580.000, 22734.000,  2903.700, 13792.000,  3937.800,  5446.900
NC02,2019-04-21,111,706200.000, 12102.000,  1532.300,  7657.000,  1669.300,  2508.800
NC02,2019-04-22,112,1493100.000, 34314.000,  4428.400, 20933.000,  6004.900,  8278.100
NC02,2019-04-23,113,1502800.000, 36180.000,  4635.000, 21892.000,  6366.300,  8760.400
NC02,2019-04-24,114,1380400.000, 31812.000,  4012.600, 19285.000,  5325.100,  7447.800
NC02,2019-04-25,115,1050600.000, 24959.000,  3150.700, 15107.000,  4240.900,  5901.800
NC02,2019-04-26,116,923050.000, 23004.000,  2880.200, 13858.000,  3901.000,  5430.600
NC02,2019-04-27,117,1526500.000, 37163.000,  4704.400, 22420.000,  6406.100,  8871.300
NC02,2019-04-28,118,1258700.000, 31889.000,  4042.100, 19186.000,  5583.700,  7692.000
NC02,2019-04-29,119,1122400.000, 26137.000,  3254.600, 15794.000,  4265.200,  6015.100
NC02,2019-04-30,120, -9998.000, -9998.000, -9998.000, -9998.000, -9998.000, -9998.000
NC02,2019-05-01,121,1470800.000, 37491.000,  4795.900, 22531.000,  6739.700,  9207.300
NC02,2019-05-02,122,1538500.000, 38912.000,  4966.100, 23398.000,  6939.700,  9504.700
NC02,2019-05-03,123,1329300.000, 35444.000,  4565.900, 21288.000,  6529.500,  8853.200
NC02,2019-05-04,124,1405100.000, 36451.000,  4666.000, 21900.000,  6581.200,  8979.200
NC02,2019-05-05,125,809610.000, 22364.000,  2860.300, 13404.000,  4096.400,  5561.400
NC02,2019-05-06,126,1373400.000, 31576.000,  4113.900, 19268.000,  5620.000,  7707.300
NC02,2019-05-07,127,1302400.000, 29909.000,  3874.500, 18246.000,  5247.400,  7229.400
NC02,2019-05-08,128,1313000.000, 29515.000,  3776.100, 18000.000,  5000.300,  6967.600
NC02,2019-05-09,129,1263900.000, 30980.000,  4006.300, 18809.000,  5537.300,  7581.300
NC02,2019-05-10,130,902390.000, 22937.000,  2983.800, 13911.000,  4183.900,  5692.400
NC02,2019-05-11,131,1022900.000, 26979.000,  3571.500, 16330.000,  5162.700,  6919.600
NC02,2019-05-12,132,752590.000, 19218.000,  2433.000, 11591.000,  3365.200,  4636.900
NC02,2019-05-13,133,1103800.000, 27499.000,  3483.500, 16574.000,  4783.200,  6604.100
NC02,2019-05-14,134,1296300.000, 29765.000,  3711.300, 18058.000,  4798.700,  6796.400
NC02,2019-05-15,135,1529900.000, 37418.000,  4671.500, 22478.000,  6272.600,  8764.800
NC02,2019-05-16,136,1524000.000, 37756.000,  4751.500, 22653.000,  6497.900,  9000.700
NC02,2019-05-17,137,1342300.000, 32726.000,  4156.500, 19744.000,  5680.700,  7849.000
NC02,2019-05-18,138,1584800.000, 38291.000,  4924.900, 23173.000,  6777.100,  9307.400
NC02,2019-05-19,139,1594900.000, 39618.000,  5100.100, 23924.000,  7089.900,  9701.400
NC02,2019-05-20,140,1470800.000, 37032.000,  4746.900, 22340.000,  6601.800,  9043.700
NC02,2019-05-21,141,1693300.000, 43131.000,  5609.000, 26033.000,  7948.500, 10776.000
NC02,2019-05-22,142,1278600.000, 33194.000,  4292.400, 19988.000,  6105.700,  8282.000
NC02,2019-05-23,143,834810.000, 20138.000,  2582.700, 12209.000,  3522.500,  4855.800
NC02,2019-05-24,144,1580100.000, 39545.000,  5128.300, 23883.000,  7197.700,  9796.400
NC02,2019-05-25,145,1577100.000, 39284.000,  5083.400, 23711.000,  7110.200,  9694.800
NC02,2019-05-26,146,1616400.000, 40685.000,  5255.100, 24530.000,  7365.500, 10041.000
NC02,2019-05-27,147,1490800.000, 40264.000,  5228.200, 24165.000,  7538.100, 10168.000
NC02,2019-05-28,148,1620600.000, 41061.000,  5278.600, 24678.000,  7407.300, 10109.000
NC02,2019-05-29,149,1589100.000, 40781.000,  5239.000, 24471.000,  7386.800, 10067.000
NC02,2019-05-30,150,1592100.000, 40312.000,  5178.200, 24229.000,  7274.700,  9925.800
NC02,2019-05-31,151, -9998.000, -9998.000, -9998.000, -9998.000, -9998.000, -9998.000
NC02,2019-06-01,152,1064200.000, 23158.000,  2896.100, 14103.000,  3650.400,  5212.100
NC02,2019-06-02,153,1346800.000, 29234.000,  3647.700, 17777.000,  4601.700,  6572.500
NC02,2019-06-03,154,1421300.000, 32513.000,  4082.900, 19648.000,  5360.200,  7533.100
NC02,2019-06-04,155,1518000.000, 35946.000,  4538.200, 21686.000,  6078.900,  8470.000
NC02,2019-06-05,156,978690.000, 24284.000,  3096.300, 14647.000,  4250.600,  5856.400
NC02,2019-06-06,157,1435300.000, 37500.000,  4837.500, 22556.000,  6851.100,  9311.500
NC02,2019-06-07,158,609490.000, 15070.000,  1899.000,  9105.600,  2575.600,  3576.800
NC02,2019-06-08,159,855050.000, 22946.000,  2933.200, 13783.000,  4141.900,  5649.800
NC02,2019-06-09,160,776970.000, 21515.000,  2766.500, 12907.000,  3967.000,  5375.400
NC02,2019-06-10,161,1117500.000, 29562.000,  3795.200, 17765.000,  5374.800,  7316.500
NC02,2019-06-11,162,1335900.000, 34950.000,  4520.000, 21047.000,  6397.800,  8689.900
NC02,2019-06-12,163,745410.000, 17945.000,  2239.600, 10836.000,  2985.300,  4182.700
NC02,2019-06-13,164,1124400.000, 28388.000,  3618.000, 17125.000,  4974.600,  6851.400
NC02,2019-06-14,165,1756400.000, 42579.000,  5422.700, 25717.000,  7368.100, 10191.000
NC02,2019-06-15,166,1732000.000, 42762.000,  5484.100, 25802.000,  7566.900, 10391.000
NC02,2019-06-16,167,1682000.000, 40711.000,  5204.100, 24595.000,  7092.400,  9789.000
NC02,2019-06-17,168,1550000.000, 39754.000,  5128.600, 23939.000,  7208.900,  9820.500
NC02,2019-06-18,169,1584200.000, 42112.000,  5496.400, 25358.000,  7887.200, 10637.000
NC02,2019-06-19,170,1347300.000, 35425.000,  4603.800, 21345.000,  6544.800,  8864.500
NC02,2019-06-20,171,1384400.000, 38544.000,  5071.800, 23156.000,  7422.600,  9925.000
NC02,2019-06-21,172,1595400.000, 39188.000,  5007.600, 23691.000,  6841.400,  9436.300
NC02,2019-06-22,173,1266700.000, 34200.000,  4422.900, 20557.000,  6310.200,  8549.000
NC02,2019-06-23,174,1033900.000, 25707.000,  3293.900, 15567.000,  4511.000,  6212.300
NC02,2019-06-24,175,1706500.000, 45775.000,  6029.900, 27588.000,  8720.200, 11702.000
NC02,2019-06-25,176,1496600.000, 40060.000,  5210.700, 24127.000,  7440.000, 10062.000
NC02,2019-06-26,177,1491700.000, 40593.000,  5285.500, 24404.000,  7591.400, 10244.000
NC02,2019-06-27,178,1596600.000, 39932.000,  5248.200, 24218.000,  7379.100,  9997.600
NC02,2019-06-28,179,1535400.000, 38769.000,  5062.400, 23516.000,  7073.700,  9622.300
NC02,2019-06-29,180,1664000.000, 41066.000,  5375.900, 24953.000,  7470.700, 10173.000
NC02,2019-06-30,181, -9998.000, -9998.000, -9998.000, -9998.000, -9998.000, -9998.000
NC02,2019-07-01,182,1689100.000, 43067.000,  5658.200, 26080.000,  8019.900, 10838.000
NC02,2019-07-02,183,1688700.000, 42913.000,  5618.500, 25968.000,  7936.200, 10748.000
NC02,2019-07-03,184,1677800.000, 41456.000,  5362.700, 25108.000,  7404.700, 10140.000
NC02,2019-07-04,185,1193100.000, 31719.000,  4156.500, 19132.000,  5949.700,  8021.000
NC02,2019-07-05,186,1656800.000, 41523.000,  5380.600, 25104.000,  7498.100, 10231.000
NC02,2019-07-06,187,1412900.000, 36534.000,  4731.500, 22043.000,  6652.000,  9051.500
NC02,2019-07-07,188,1173300.000, 29936.000,  3887.700, 18093.000,  5468.300,  7434.400
NC02,2019-07-08,189,1527400.000, 39952.000,  5251.900, 24128.000,  7527.000, 10136.000
NC02,2019-07-09,190,1176100.000, 30030.000,  3849.600, 18146.000,  5334.500,  7316.600
NC02,2019-07-10,191,1623200.000, 40990.000,  5318.500, 24777.000,  7451.800, 10147.000
NC02,2019-07-11,192,1592100.000, 41767.000,  5452.900, 25202.000,  7780.100, 10512.000
NC02,2019-07-12,193, -9998.000, -9998.000, -9998.000, -9998.000, -9998.000, -9998.000
NC02,2019-07-13,194,1484400.000, 38431.000,  4980.100, 23188.000,  7024.500,  9547.800
NC02,2019-07-14,195,1687300.000, 43446.000,  5660.400, 26222.000,  8019.000, 10866.000
NC02,2019-07-15,196,1469800.000, 38256.000,  4990.400, 23091.000,  7093.600,  9598.200
NC02,2019-07-16,197,1323700.000, 35344.000,  4671.700, 21328.000,  6769.800,  9068.800
NC02,2019-07-17,198,1610800.000, 42587.000,  5649.400, 25707.000,  8212.200, 10980.000
NC02,2019-07-18,199,1675700.000, 44927.000,  5947.400, 27111.000,  8645.400, 11566.000
NC02,2019-07-19,200,1637400.000, 44264.000,  5853.600, 26684.000,  8533.700, 11411.000
NC02,2019-07-20,201,1468600.000, 37734.000,  4940.400, 22815.000,  7012.300,  9482.300
NC02,2019-07-21,202,1737500.000, 44765.000,  5862.800, 27033.000,  8365.300, 11293.000
NC02,2019-07-22,203, -9998.000, -9998.000, -9998.000, -9998.000, -9998.000, -9998.000
NC02,2019-07-23,204, -9998.000, -9998.000, -9998.000, -9998.000, -9998.000, -9998.000
NC02,2019-07-24,205, -9998.000, -9998.000, -9998.000, -9998.000, -9998.000, -9998.000
NC02,2019-07-25,206, -9998.000, -9998.000, -9998.000, -9998.000, -9998.000, -9998.000
NC02,2019-07-26,207, -9998.000, -9998.000, -9998.000, -9998.000, -9998.000, -9998.000
NC02,2019-07-27,208, -9998.000, -9998.000, -9998.000, -9998.000, -9998.000, -9998.000
NC02,2019-07-28,209, -9998.000, -9998.000, -9998.000, -9998.000, -9998.000, -9998.000
NC02,2019-07-29,210, -9998.000, -9998.000, -9998.000, -9998.000, -9998.000, -9998.000
NC02,2019-07-30,211, -9998.000, -9998.000, -9998.000, -9998.000, -9998.000, -9998.000
NC02,2019-07-31,212, -9998.000, -9998.000, -9998.000, -9998.000, -9998.000, -9998.000
NC02,2019-08-01,213, -9998.000, -9998.000, -9998.000, -9998.000, -9998.000, -9998.000
NC02,2019-08-02,214, -9998.000, -9998.000, -9998.000, -9998.000, -9998.000, -9998.000
NC02,2019-08-03,215, -9998.000, -9998.000, -9998.000, -9998.000, -9998.000, -9998.000
NC02,2019-08-04,216, -9998.000, -9998.000, -9998.000, -9998.000, -9998.000, -9998.000
NC02,2019-08-05,217, -9998.000, -9998.000, -9998.000, -9998.000, -9998.000, -9998.000
NC02,2019-08-06,218, -9998.000, -9998.000, -9998.000, -9998.000, -9998.000, -9998.000
NC02,2019-08-07,219, -9998.000, -9998.000, -9998.000, -9998.000, -9998.000, -9998.000
NC02,2019-08-08,220, -9998.000, -9998.000, -9998.000, -9998.000, -9998.000, -9998.000
NC02,2019-08-09,221, -9998.000, -9998.000, -9998.000, -9998.000, -9998.000, -9998.000
NC02,2019-08-10,222, -9998.000, -9998.000, -9998.000, -9998.000, -9998.000, -9998.000
NC02,2019-08-11,223, -9998.000, -9998.000, -9998.000, -9998.000, -9998.000, -9998.000
NC02,2019-08-12,224, -9998.000, -9998.000, -9998.000, -9998.000, -9998.000, -9998.000
NC02,2019-08-13,225, -9998.000, -9998.000, -9998.000, -9998.000, -9998.000, -9998.000
NC02,2019-08-14,226, -9998.000, -9998.000, -9998.000, -9998.000, -9998.000, -9998.000
NC02,2019-08-15,227, -9998.000, -9998.000, -9998.000, -9998.000, -9998.000, -9998.000
NC02,2019-08-16,228, -9998.000, -9998.000, -9998.000, -9998.000, -9998.000, -9998.000
NC02,2019-08-17,229, -9998.000, -9998.000, -9998.000, -9998.000, -9998.000, -9998.000
NC02,2019-08-18,230, -9998.000, -9998.000, -9998.000, -9998.000, -9998.000, -9998.000
NC02,2019-08-19,231, -9998.000, -9998.000, -9998.000, -9998.000, -9998.000, -9998.000
NC02,2019-08-20,232, -9998.000, -9998.000, -9998.000, -9998.000, -9998.000, -9998.000
NC02,2019-08-21,233, -9998.000, -9998.000, -9998.000, -9998.000, -9998.000, -9998.000
NC02,2019-08-22,234, -9998.000, -9998.000, -9998.000, -9998.000, -9998.000, -9998.000
NC02,2019-08-23,235, -9998.000, -9998.000, -9998.000, -9998.000, -9998.000, -9998.000
NC02,2019-08-24,236, -9998.000, -9998.000, -9998.000, -9998.000, -9998.000, -9998.000
NC02,2019-08-25,237, -9998.000, -9998.000, -9998.000, -9998.000, -9998.000, -9998.000
NC02,2019-08-26,238, -9998.000, -9998.000, -9998.000, -9998.000, -9998.000, -9998.000
NC02,2019-08-27,239, -9998.000, -9998.000, -9998.000, -9998.000, -9998.000, -9998.000
NC02,2019-08-28,240, -9998.000, -9998.000, -9998.000, -9998.000, -9998.000, -9998.000
NC02,2019-08-29,241, -9998.000, -9998.000, -9998.000, -9998.000, -9998.000, -9998.000
NC02,2019-08-30,242, -9998.000, -9998.000, -9998.000, -9998.000, -9998.000, -9998.000
NC02,2019-08-31,243, -9998.000, -9998.000, -9998.000, -9998.000, -9998.000, -9998.000
NC02,2019-09-01,244,1614600.000, 31599.000,  4222.400, 19669.000,  5712.000,  7801.400
NC02,2019-09-02,245,1367000.000, 30709.000,  4108.300, 19055.000,  5693.800,  7713.800
NC02,2019-09-03,246, -9998.000, -9998.000, -9998.000, -9998.000, -9998.000, -9998.000
NC02,2019-09-04,247,1171800.000, 25809.000,  3455.300, 16008.000,  4775.200,  6474.800
NC02,2019-09-05,248,186840.000,  3731.700,   470.020,  2322.200,   581.450,   834.480
NC02,2019-09-06,249,1738500.000, 33965.000,  4548.100, 21086.000,  6193.000,  8436.500
NC02,2019-09-07,250,1692900.000, 31741.000,  4221.900, 19805.000,  5593.200,  7705.600
NC02,2019-09-08,251, -9998.000, -9998.000, -9998.000, -9998.000, -9998.000, -9998.000
NC02,2019-09-09,252,1094400.000, 21716.000,  2874.600, 13463.000,  3871.300,  5312.100
NC02,2019-09-10,253,1549400.000, 32244.000,  4294.200, 19992.000,  5854.900,  7988.500
NC02,2019-09-11,254,1468800.000, 30866.000,  4121.800, 19137.000,  5662.400,  7700.400
NC02,2019-09-12,255, -9998.000, -9998.000, -9998.000, -9998.000, -9998.000, -9998.000
NC02,2019-09-13,256,703100.000, 14403.000,  1870.100,  8928.900,  2456.200,  3419.300
NC02,2019-09-14,257,1288200.000, 23226.000,  3082.400, 14390.000,  4137.600,  5682.800
NC02,2019-09-15,258,1396300.000, 24607.000,  3283.200, 15351.000,  4351.100,  5990.800
NC02,2019-09-16,259, -9998.000, -9998.000, -9998.000, -9998.000, -9998.000, -9998.000
NC02,2019-09-17,260,1509000.000, 30267.000,  4021.900, 18797.000,  5425.800,  7435.800
NC02,2019-09-18,261,1704800.000, 28961.000,  3878.700, 17976.000,  5195.600,  7119.700
NC02,2019-09-19,262,1520000.000, 28443.000,  3747.500, 17741.000,  4916.700,  6817.800
NC02,2019-09-20,263,1702000.000, 28975.000,  3831.800, 18124.000,  4930.900,  6874.400
NC02,2019-09-21,264,1598100.000, 28791.000,  3833.900, 18003.000,  5051.700,  6973.600
NC02,2019-09-22,265,1639400.000, 29727.000,  4000.700, 18594.000,  5375.600,  7349.700
NC02,2019-09-23,266,1682600.000, 29386.000,  3957.700, 18370.000,  5305.300,  7260.700
NC02,2019-09-24,267,1643600.000, 29575.000,  3937.400, 18468.000,  5220.900,  7193.200
NC02,2019-09-25,268,1444600.000, 27205.000,  3601.500, 16993.000,  4751.100,  6568.600
NC02,2019-09-26,269,1338100.000, 25937.000,  3435.500, 16155.000,  4608.200,  6335.800
NC02,2019-09-27,270,1294600.000, 23987.000,  3179.400, 14955.000,  4235.700,  5835.600
NC02,2019-09-28,271,1329500.000, 25718.000,  3404.000, 16002.000,  4557.300,  6271.200
NC02,2019-09-29,272, -9998.000, -9998.000, -9998.000, -9998.000, -9998.000, -9998.000
NC02,2019-09-30,273, -9998.000, -9998.000, -9998.000, -9998.000, -9998.000, -9998.000
NC02,2019-10-01,274,1191200.000, 30943.000,  4048.400, 18614.000,  5983.500,  8009.300
NC02,2019-10-02,275, -9998.000, -9998.000, -9998.000, -9998.000, -9998.000, -9998.000
NC02,2019-10-03,276, -9998.000, -9998.000, -9998.000, -9998.000, -9998.000, -9998.000
NC02,2019-10-04,277, -9998.000, -9998.000, -9998.000, -9998.000, -9998.000, -9998.000
NC02,2019-10-05,278,536120.000, 14188.000,  1795.000,  8493.100,  2592.500,  3528.000
NC02,2019-10-06,279,788420.000, 19933.000,  2529.500, 11965.000,  3625.200,  4940.500
NC02,2019-10-07,280, -9998.000, -9998.000, -9998.000, -9998.000, -9998.000, -9998.000
NC02,2019-10-08,281,369810.000,  8768.000,  1089.000,  5306.900,  1480.100,  2065.400
NC02,2019-10-09,282,987920.000, 21847.000,  2783.900, 13276.000,  3841.700,  5294.300
NC02,2019-10-10,283,1273700.000, 27345.000,  3573.900, 16687.000,  5029.500,  6840.100
NC02,2019-10-11,284,1293800.000, 27838.000,  3613.600, 16935.000,  5100.800,  6943.000
NC02,2019-10-12,285,1241400.000, 26856.000,  3488.200, 16352.000,  4922.000,  6700.400
NC02,2019-10-13,286,625160.000,  8606.900,  1105.700,  5304.000,  1396.200,  1976.100
NC02,2019-10-14,287,1225900.000, 24398.000,  3137.300, 15010.000,  4199.100,  5830.600
NC02,2019-10-15,288,1079300.000, 22563.000,  2889.600, 13808.000,  3935.300,  5440.500
NC02,2019-10-16,289,347190.000,  7025.500,   872.820,  4346.800,  1095.200,  1570.800
NC02,2019-10-17,290,1163200.000, 21826.000,  2754.900, 13486.000,  3489.400,  4962.500
NC02,2019-10-18,291,1170400.000, 21863.000,  2769.200, 13502.000,  3544.600,  5017.800
NC02,2019-10-19,292,824680.000, 15885.000,  1991.400,  9795.800,  2534.000,  3606.400
NC02,2019-10-20,293,394500.000,  8251.200,  1026.300,  5073.100,  1330.800,  1886.700
NC02,2019-10-21,294,1178300.000, 21803.000,  2814.500, 13479.000,  3746.600,  5207.000
NC02,2019-10-22,295,533840.000, 10771.000,  1380.900,  6641.400,  1880.400,  2600.300
NC02,2019-10-23,296,1284300.000, 23331.000,  3091.000, 14496.000,  4247.100,  5802.700
NC02,2019-10-24,297,1226700.000, 22630.000,  2971.200, 13989.000,  4082.000,  5591.500
NC02,2019-10-25,298,964300.000, 18867.000,  2471.700, 11627.000,  3455.800,  4711.600
NC02,2019-10-26,299,1050900.000, 20370.000,  2657.100, 12539.000,  3708.100,  5065.100
NC02,2019-10-27,300,699110.000, 13934.000,  1805.200,  8574.000,  2503.700,  3433.100
NC02,2019-10-28,301,1178700.000, 21142.000,  2742.000, 13074.000,  3698.800,  5113.900
NC02,2019-10-29,302,552160.000, 11128.000,  1410.200,  6845.900,  1903.800,  2649.500
NC02,2019-10-30,303,287720.000,  6043.100,   773.470,  3745.700,  1044.800,  1449.900
NC02,2019-10-31,304, -9998.000, -9998.000, -9998.000, -9998.000, -9998.000, -9998.000
NC02,2019-11-01,305,1053900.000, 15213.000,  1983.600,  9615.400,  2334.600,  3374.000
NC02,2019-11-02,306,955910.000, 14963.000,  1937.200,  9473.500,  2266.000,  3290.600
NC02,2019-11-03,307,919780.000, 14037.000,  1815.000,  8960.300,  2019.800,  2988.400
NC02,2019-11-04,308,661390.000, 10599.000,  1355.200,  6744.000,  1516.900,  2247.500
NC02,2019-11-05,309, -9998.000, -9998.000, -9998.000, -9998.000, -9998.000, -9998.000
NC02,2019-11-06,310, -9998.000, -9998.000, -9998.000, -9998.000, -9998.000, -9998.000
NC02,2019-11-07,311,779550.000, 12121.000,  1562.300,  7727.600,  1713.300,  2551.600
NC02,2019-11-08,312, -9998.000, -9998.000, -9998.000, -9998.000, -9998.000, -9998.000
NC02,2019-11-09,313, -9998.000, -9998.000, -9998.000, -9998.000, -9998.000, -9998.000
NC02,2019-11-10,314,886130.000, 10945.000,  1440.800,  7048.900,  1490.500,  2252.900
NC02,2019-11-11,315,710580.000, 10637.000,  1381.500,  6867.100,  1445.800,  2188.000
NC02,2019-11-12,316, 59929.000,  1078.600,   133.930,   695.250,   128.100,   204.630
NC02,2019-11-13,317,664560.000,  9111.900,  1193.700,  5955.600,  1171.000,  1810.500
NC02,2019-11-14,318,425480.000,  6453.500,   824.760,  4147.000,   862.680,  1312.200
NC02,2019-11-15,319,119410.000,  1945.100,   244.120,  1257.400,   233.290,   370.600
NC02,2019-11-16,320,386520.000,  6419.500,   814.360,  4104.300,   896.380,  1340.000
NC02,2019-11-17,321,619590.000,  9334.300,  1211.800,  6044.100,  1284.400,  1933.000
NC02,2019-11-18,322,318420.000,  4488.100,   583.140,  2957.300,   540.050,   857.630
NC02,2019-11-19,323,352380.000,  5246.300,   673.690,  3421.700,   653.110,  1022.300
NC02,2019-11-20,324,674940.000,  9635.100,  1254.500,  6272.300,  1271.700,  1945.000
NC02,2019-11-21,325,682200.000, 10444.000,  1354.300,  6680.300,  1539.300,  2257.300
NC02,2019-11-22,326,314100.000,  5202.600,   662.260,  3318.000,   746.600,  1104.700
NC02,2019-11-23,327, -9998.000, -9998.000, -9998.000, -9998.000, -9998.000, -9998.000
NC02,2019-11-24,328,394390.000,  5739.200,   744.490,  3716.100,   765.420,  1164.800
NC02,2019-11-25,329, -9998.000, -9998.000, -9998.000, -9998.000, -9998.000, -9998.000
NC02,2019-11-26,330, -9998.000, -9998.000, -9998.000, -9998.000, -9998.000, -9998.000
NC02,2019-11-27,331, -9998.000, -9998.000, -9998.000, -9998.000, -9998.000, -9998.000
NC02,2019-11-28,332, -9998.000, -9998.000, -9998.000, -9998.000, -9998.000, -9998.000
NC02,2019-11-29,333, -9998.000, -9998.000, -9998.000, -9998.000, -9998.000, -9998.000
NC02,2019-11-30,334, -9998.000, -9998.000, -9998.000, -9998.000, -9998.000, -9998.000
NC02,2019-12-01,335, -9998.000, -9998.000, -9998.000, -9998.000, -9998.000, -9998.000
NC02,2019-12-02,336, -9998.000, -9998.000, -9998.000, -9998.000, -9998.000, -9998.000
NC02,2019-12-03,337, -9998.000, -9998.000, -9998.000, -9998.000, -9998.000, -9998.000
NC02,2019-12-04,338, -9998.000, -9998.000, -9998.000, -9998.000, -9998.000, -9998.000
NC02,2019-12-05,339, -9998.000, -9998.000, -9998.000, -9998.000, -9998.000, -9998.000
NC02,2019-12-06,340, -9998.000, -9998.000, -9998.000, -9998.000, -9998.000, -9998.000
NC02,2019-12-07,341, -9998.000, -9998.000, -9998.000, -9998.000, -9998.000, -9998.000
NC02,2019-12-08,342, -9998.000, -9998.000, -9998.000, -9998.000, -9998.000, -9998.000
NC02,2019-12-09,343, -9998.000, -9998.000, -9998.000, -9998.000, -9998.000, -9998.000
NC02,2019-12-10,344, -9998.000, -9998.000, -9998.000, -9998.000, -9998.000, -9998.000
NC02,2019-12-11,345, -9998.000, -9998.000, -9998.000, -9998.000, -9998.000, -9998.000
NC02,2019-12-12,346, -9998.000, -9998.000, -9998.000, -9998.000, -9998.000, -9998.000
NC02,2019-12-13,347, -9998.000, -9998.000, -9998.000, -9998.000, -9998.000, -9998.000
NC02,2019-12-14,348, -9998.000, -9998.000, -9998.000, -9998.000, -9998.000, -9998.000
NC02,2019-12-15,349, -9998.000, -9998.000, -9998.000, -9998.000, -9998.000, -9998.000
NC02,2019-12-16,350, -9998.000, -9998.000, -9998.000, -9998.000, -9998.000, -9998.000
NC02,2019-12-17,351, -9998.000, -9998.000, -9998.000, -9998.000, -9998.000, -9998.000
NC02,2019-12-18,352, -9998.000, -9998.000, -9998.000, -9998.000, -9998.000, -9998.000
NC02,2019-12-19,353, -9998.000, -9998.000, -9998.000, -9998.000, -9998.000, -9998.000
NC02,2019-12-20,354, -9998.000, -9998.000, -9998.000, -9998.000, -9998.000, -9998.000
NC02,2019-12-21,355, -9998.000, -9998.000, -9998.000, -9998.000, -9998.000, -9998.000
NC02,2019-12-22,356, -9998.000, -9998.000, -9998.000, -9998.000, -9998.000, -9998.000
NC02,2019-12-23,357, -9998.000, -9998.000, -9998.000, -9998.000, -9998.000, -9998.000
NC02,2019-12-24,358, -9998.000, -9998.000, -9998.000, -9998.000, -9998.000, -9998.000
NC02,2019-12-25,359, -9998.000, -9998.000, -9998.000, -9998.000, -9998.000, -9998.000
NC02,2019-12-26,360, -9998.000, -9998.000, -9998.000, -9998.000, -9998.000, -9998.000
NC02,2019-12-27,361, -9998.000, -9998.000, -9998.000, -9998.000, -9998.000, -9998.000
NC02,2019-12-28,362, -9998.000, -9998.000, -9998.000, -9998.000, -9998.000, -9998.000
NC02,2019-12-29,363, -9998.000, -9998.000, -9998.000, -9998.000, -9998.000, -9998.000
NC02,2019-12-30,364, -9998.000, -9998.000, -9998.000, -9998.000, -9998.000, -9998.000
NC02,2019-12-31,365, -9998.000, -9998.000, -9998.000, -9998.000, -9998.000, -9998.000
