Age,ADM[x10^22 Am^2]
100,4.16819
99.95,4.1625
99.9,4.16819
99.85,4.18656
99.8,4.21759
99.75,4.26156
99.7,4.31819
99.65,4.38699
99.6,4.46613
99.55,4.55276
99.5,4.64432
99.45,4.73871
99.4,4.83285
99.35,4.92414
99.3,5.00975
99.25,5.08707
99.2,5.15354
99.15,5.20682
99.1,5.24406
99.05,5.26345
99,5.26682
98.95,5.25595
98.9,5.23345
98.85,5.20113
98.8,5.16233
98.75,5.1194
98.7,5.07544
98.65,5.03225
98.6,4.99061
98.55,4.94975
98.5,4.91018
98.45,4.87113
98.4,4.83388
98.35,4.79923
98.3,4.76794
98.25,4.74078
98.2,4.71854
98.15,4.70095
98.1,4.6888
98.05,4.68182
98,4.67923
97.95,4.67975
97.9,4.68233
97.85,4.68518
97.8,4.68699
97.75,4.68569
97.7,4.67949
97.65,4.66682
97.6,4.64897
97.55,4.6275
97.5,4.60371
97.45,4.57966
97.4,4.55638
97.35,4.53621
97.3,4.51992
97.25,4.50983
97.2,4.50673
97.15,4.5119
97.1,4.52664
97.05,4.55173
97,4.5869
96.95,4.6319
96.9,4.68647
96.85,4.74932
96.8,4.8194
96.75,4.89466
96.7,4.97328
96.65,5.05345
96.6,5.13363
96.55,5.21225
96.5,5.28802
96.45,5.35888
96.4,5.42173
96.35,5.47242
96.3,5.50759
96.25,5.52414
96.2,5.52311
96.15,5.50552
96.1,5.4732
96.05,5.42794
96,5.37414
95.95,5.31544
95.9,5.25699
95.85,5.20216
95.8,5.15406
95.75,5.11449
95.7,5.08552
95.65,5.06923
95.6,5.06432
95.55,5.06923
95.5,5.08242
95.45,5.10259
95.4,5.12845
95.35,5.15897
95.3,5.19311
95.25,5.23009
95.2,5.26837
95.15,5.30716
95.1,5.34492
95.05,5.38035
95,5.41216
94.95,5.4388
94.9,5.4582
94.85,5.46932
94.8,5.47035
94.75,5.46026
94.7,5.43751
94.65,5.40156
94.6,5.35423
94.55,5.29682
94.5,5.23216
94.45,5.16259
94.4,5.09095
94.35,5.02138
94.3,4.95776
94.25,4.90319
94.2,4.8613
94.15,4.83518
94.1,4.82794
94.05,4.84216
94,4.87682
93.95,4.93035
93.9,5.00069
93.85,5.08552
93.8,5.17914
93.75,5.27561
93.7,5.36845
93.65,5.45251
93.6,5.52492
93.55,5.58363
93.5,5.62707
93.45,5.65423
93.4,5.66742
93.35,5.67026
93.3,5.66639
93.25,5.65889
93.2,5.65035
93.15,5.64363
93.1,5.6413
93.05,5.64544
93,5.6563
92.95,5.6744
92.9,5.69975
92.85,5.73207
92.8,5.77035
92.75,5.81406
92.7,5.86164
92.65,5.91208
92.6,5.96328
92.55,6.01268
92.5,6.05794
92.45,6.09751
92.4,6.1319
92.35,6.16294
92.3,6.19216
92.25,6.22113
92.2,6.25164
92.15,6.28475
92.1,6.32277
92.05,6.36673
92,6.41483
91.95,6.46552
91.9,6.51725
91.85,6.56794
91.8,6.61759
91.75,6.66621
91.7,6.71354
91.65,6.75958
91.6,6.80483
91.55,6.84932
91.5,6.89354
91.45,6.93777
91.4,6.98147
91.35,7.02466
91.3,7.0663
91.25,7.1069
91.2,7.14647
91.15,7.18527
91.1,7.22458
91.05,7.26389
91,7.3019
90.95,7.33656
90.9,7.36552
90.85,7.38725
90.8,7.40044
90.75,7.4038
90.7,7.39708
90.65,7.37897
90.6,7.35104
90.55,7.31458
90.5,7.27139
90.45,7.22277
90.4,7.16923
90.35,7.11104
90.3,7.04871
90.25,6.98277
90.2,6.91423
90.15,6.84415
90.1,6.7738
90.05,6.70423
90,6.63802
89.95,6.57699
89.9,6.52397
89.85,6.48104
89.8,6.44897
89.75,6.42906
89.7,6.42233
89.65,6.42906
89.6,6.44716
89.55,6.47458
89.5,6.50871
89.45,6.54699
89.4,6.58811
89.35,6.63027
89.3,6.6719
89.25,6.71199
89.2,6.75233
89.15,6.79578
89.1,6.84492
89.05,6.90182
89,6.96725
88.95,7.04173
88.9,7.12552
88.85,7.21785
88.8,7.31639
88.75,7.41725
88.7,7.51682
88.65,7.61147
88.6,7.69863
88.55,7.77544
88.5,7.83932
88.45,7.8882
88.4,7.9213
88.35,7.93915
88.3,7.94173
88.25,7.92958
88.2,7.90578
88.15,7.87397
88.1,7.83751
88.05,7.79975
88,7.76251
87.95,7.7263
87.9,7.69268
87.85,7.66294
87.8,7.63759
87.75,7.61742
87.7,7.60371
87.65,7.59621
87.6,7.59466
87.55,7.59777
87.5,7.60397
87.45,7.61277
87.4,7.62466
87.35,7.64044
87.3,7.66113
87.25,7.68673
87.2,7.71466
87.15,7.74182
87.1,7.76432
87.05,7.77984
87,7.78682
86.95,7.78449
86.9,7.77156
86.85,7.74828
86.8,7.71621
86.75,7.67742
86.7,7.63423
86.65,7.58846
86.6,7.53984
86.55,7.48785
86.5,7.43147
86.45,7.37044
86.4,7.30552
86.35,7.23777
86.3,7.1682
86.25,7.09759
86.2,7.02647
86.15,6.95509
86.1,6.88397
86.05,6.81337
86,6.74406
85.95,6.6763
85.9,6.61113
85.85,6.54906
85.8,6.49164
85.75,6.4394
85.7,6.3944
85.65,6.35768
85.6,6.3313
85.55,6.31733
85.5,6.31837
85.45,6.3357
85.4,6.36699
85.35,6.40966
85.3,6.46087
85.25,6.51751
85.2,6.57699
85.15,6.63596
85.1,6.69156
85.05,6.74121
85,6.7857
84.95,6.8263
84.9,6.86406
84.85,6.90052
84.8,6.93802
84.75,6.97837
84.7,7.0244
84.65,7.07742
84.6,7.13587
84.55,7.19742
84.5,7.26001
84.45,7.32078
84.4,7.37768
84.35,7.42734
84.3,7.4669
84.25,7.49432
84.2,7.50932
84.15,7.5119
84.1,7.50259
84.05,7.48165
84,7.45113
83.95,7.41363
83.9,7.37121
83.85,7.32596
83.8,7.27759
83.75,7.22561
83.7,7.16949
83.65,7.10897
83.6,7.04432
83.55,6.97604
83.5,6.9044
83.45,6.83018
83.4,6.75647
83.35,6.68535
83.3,6.62018
83.25,6.5638
83.2,6.51906
83.15,6.48958
83.1,6.4782
83.05,6.48751
83,6.51673
82.95,6.56406
82.9,6.6282
82.85,6.70682
82.8,6.79708
82.75,6.89561
82.7,6.99906
82.65,7.10458
82.6,7.21009
82.55,7.31406
82.5,7.4144
82.45,7.51009
82.4,7.59854
82.35,7.6782
82.3,7.74673
82.25,7.80311
82.2,7.84759
82.15,7.88096
82.1,7.90372
82.05,7.91716
82,7.92156
81.95,7.91742
81.9,7.90527
81.85,7.88561
81.8,7.85949
81.75,7.82768
81.7,7.7907
81.65,7.74984
81.6,7.70458
81.55,7.65466
81.5,7.60009
81.45,7.54113
81.4,7.48035
81.35,7.42009
81.3,7.36397
81.25,7.31406
81.2,7.27139
81.15,7.23699
81.1,7.21139
81.05,7.19432
81,7.1832
80.95,7.17544
80.9,7.16742
80.85,7.15656
80.8,7.14027
80.75,7.11751
80.7,7.08596
80.65,7.04483
80.6,6.99544
80.55,6.94087
80.5,6.88294
80.45,6.82475
80.4,6.7694
80.35,6.72027
80.3,6.68121
80.25,6.65483
80.2,6.64216
80.15,6.64294
80.1,6.65742
80.05,6.68535
80,6.72492
79.95,6.77483
79.9,6.83277
79.85,6.89742
79.8,6.96777
79.75,7.0438
79.7,7.12501
79.65,7.20984
79.6,7.29415
79.55,7.37328
79.5,7.44234
79.45,7.49665
79.4,7.53621
79.35,7.56078
79.3,7.57087
79.25,7.56699
79.2,7.55354
79.15,7.5357
79.1,7.51785
79.05,7.50415
79,7.49302
78.95,7.48165
78.9,7.46742
78.85,7.44802
78.8,7.42397
78.75,7.39578
78.7,7.36449
78.65,7.33139
78.6,7.29828
78.55,7.26751
78.5,7.2419
78.45,7.22328
78.4,7.21242
78.35,7.21009
78.3,7.21708
78.25,7.23363
78.2,7.25897
78.15,7.29156
78.1,7.33035
78.05,7.37406
78,7.41932
77.95,7.46225
77.9,7.49975
77.85,7.5282
77.8,7.54785
77.75,7.55846
77.7,7.56053
77.65,7.55432
77.6,7.54035
77.55,7.51966
77.5,7.49251
77.45,7.45966
77.4,7.41958
77.35,7.3707
77.3,7.31121
77.25,7.24035
77.2,7.16018
77.15,7.07406
77.1,6.98458
77.05,6.89458
77,6.80483
76.95,6.71639
76.9,6.62949
76.85,6.54518
76.8,6.46656
76.75,6.39699
76.7,6.33983
76.65,6.29794
76.6,6.27337
76.55,6.26716
76.5,6.28164
76.45,6.31682
76.4,6.37009
76.35,6.43837
76.3,6.51802
76.25,6.60544
76.2,6.69647
76.15,6.78699
76.1,6.87285
76.05,6.95018
76,7.01768
75.95,7.07458
75.9,7.11983
75.85,7.15294
75.8,7.17492
75.75,7.18682
75.7,7.1894
75.65,7.18397
75.6,7.17104
75.55,7.15139
75.5,7.12578
75.45,7.09501
75.4,7.05854
75.35,7.01665
75.3,6.96906
75.25,6.91578
75.2,6.85733
75.15,6.79371
75.1,6.72544
75.05,6.6538
75,6.58113
74.95,6.51052
74.9,6.44535
74.85,6.38871
74.8,6.3432
74.75,6.31139
74.7,6.29613
74.65,6.29949
74.6,6.32199
74.55,6.36363
74.5,6.42414
74.45,6.50354
74.4,6.59794
74.35,6.70397
74.3,6.81777
74.25,6.93492
74.2,7.05052
74.15,7.15811
74.1,7.25225
74.05,7.32802
74,7.3857
73.95,7.42656
73.9,7.45216
73.85,7.4638
73.8,7.46173
73.75,7.44699
73.7,7.42009
73.65,7.38182
73.6,7.33346
73.55,7.27682
73.5,7.21346
73.45,7.1457
73.4,7.07561
73.35,7.00656
73.3,6.94113
73.25,6.88216
73.2,6.82966
73.15,6.7844
73.1,6.74613
73.05,6.71535
73,6.69052
72.95,6.67035
72.9,6.65277
72.85,6.63751
72.8,6.62613
72.75,6.62147
72.7,6.62561
72.65,6.64061
72.6,6.66518
72.55,6.69647
72.5,6.73268
72.45,6.77121
72.4,6.80871
72.35,6.8413
72.3,6.86561
72.25,6.87828
72.2,6.8788
72.15,6.86665
72.1,6.84156
72.05,6.80406
72,6.7557
71.95,6.69958
71.9,6.63802
71.85,6.57389
71.8,6.51104
71.75,6.45389
71.7,6.4063
71.65,6.3719
71.6,6.35147
71.55,6.34501
71.5,6.35251
71.45,6.37294
71.4,6.40242
71.35,6.43501
71.3,6.46552
71.25,6.49009
71.2,6.51001
71.15,6.52837
71.1,6.54777
71.05,6.57078
71,6.59975
70.95,6.63647
70.9,6.68328
70.85,6.74096
70.8,6.80664
70.75,6.87673
70.7,6.94785
70.65,7.01587
70.6,7.07794
70.55,7.13096
70.5,7.17182
70.45,7.19846
70.4,7.2119
70.35,7.21371
70.3,7.2057
70.25,7.18966
70.2,7.16794
70.15,7.14311
70.1,7.11699
70.05,7.0919
70,7.06604
69.95,7.03785
69.9,7.00578
69.85,6.96777
69.8,6.92432
69.75,6.87518
69.7,6.82061
69.65,6.76113
69.6,6.69802
69.55,6.63233
69.5,6.56535
69.45,6.49889
69.4,6.43449
69.35,6.37449
69.3,6.3207
69.25,6.27518
69.2,6.23871
69.15,6.2113
69.1,6.19371
69.05,6.18595
69,6.18828
68.95,6.20095
68.9,6.2232
68.85,6.25527
68.8,6.29509
68.75,6.34113
68.7,6.3913
68.65,6.44328
68.6,6.49371
68.55,6.53871
68.5,6.57466
68.45,6.59846
68.4,6.6088
68.35,6.60544
68.3,6.58811
68.25,6.5563
68.2,6.51156
68.15,6.45518
68.1,6.38871
68.05,6.31423
68,6.23639
67.95,6.16035
67.9,6.09078
67.85,6.03208
67.8,5.9863
67.75,5.95423
67.7,5.93664
67.65,5.93406
67.6,5.94414
67.55,5.96458
67.5,5.99199
67.45,6.02432
67.4,6.05897
67.35,6.09389
67.3,6.12725
67.25,6.15673
67.2,6.17975
67.15,6.19345
67.1,6.19578
67.05,6.1844
67,6.16164
66.95,6.12958
66.9,6.09078
66.85,6.04811
66.8,6.00466
66.75,5.96406
66.7,5.92966
66.65,5.90406
66.6,5.88725
66.55,5.87845
66.5,5.87742
66.45,5.88285
66.4,5.89371
66.35,5.90768
66.3,5.92345
66.25,5.94001
66.2,5.95733
66.15,5.97673
66.1,5.99871
66.05,6.02432
66,6.05173
65.95,6.07914
65.9,6.10449
65.85,6.12595
65.8,6.14147
65.75,6.14897
65.7,6.1469
65.65,6.13345
65.6,6.10966
65.55,6.07733
65.5,6.03776
65.45,5.99251
65.4,5.94337
65.35,5.8919
65.3,5.83889
65.25,5.78613
65.2,5.73285
65.15,5.6788
65.1,5.6232
65.05,5.56578
65,5.50837
64.95,5.45328
64.9,5.40285
64.85,5.35914
64.8,5.32242
64.75,5.29216
64.7,5.26888
64.65,5.25207
64.6,5.24095
64.55,5.23449
64.5,5.2319
64.45,5.23242
64.4,5.23423
64.35,5.2363
64.3,5.23707
64.25,5.23501
64.2,5.22802
64.15,5.2138
64.1,5.19001
64.05,5.15587
64,5.11397
63.95,5.06768
63.9,5.02113
63.85,4.97716
63.8,4.93759
63.75,4.90345
63.7,4.87578
63.65,4.85535
63.6,4.84164
63.55,4.83363
63.5,4.83026
63.45,4.83104
63.4,4.83776
63.35,4.85276
63.3,4.87811
63.25,4.91561
63.2,4.96423
63.15,5.0219
63.1,5.08707
63.05,5.15768
63,5.23087
62.95,5.30354
62.9,5.37233
62.85,5.43492
62.8,5.48949
62.75,5.53578
62.7,5.57251
62.65,5.59966
62.6,5.61725
62.55,5.62604
62.5,5.62682
62.45,5.62009
62.4,5.60457
62.35,5.57923
62.3,5.54251
62.25,5.49363
62.2,5.43414
62.15,5.36587
62.1,5.29113
62.05,5.21121
62,5.12871
61.95,5.04544
61.9,4.96319
61.85,4.88432
61.8,4.81061
61.75,4.74414
61.7,4.68673
61.65,4.64018
61.6,4.60449
61.55,4.58018
61.5,4.56699
61.45,4.56518
61.4,4.57423
61.35,4.5944
61.3,4.62492
61.25,4.66578
61.2,4.71647
61.15,4.77699
61.1,4.84656
61.05,4.92492
61,5.00897
60.95,5.09638
60.9,5.1838
60.85,5.26914
60.8,5.34983
60.75,5.42432
60.7,5.49026
60.65,5.54664
60.6,5.59294
60.55,5.62914
60.5,5.65526
60.45,5.67233
60.4,5.68268
60.35,5.6894
60.3,5.69587
60.25,5.70518
60.2,5.72018
60.15,5.74371
60.1,5.77914
60.05,5.82828
60,5.88983
59.95,5.96199
59.9,6.04268
59.85,6.13009
59.8,6.22139
59.75,6.31449
59.7,6.4063
59.65,6.49475
59.6,6.57492
59.55,6.64294
59.5,6.69363
59.45,6.72363
59.4,6.73164
59.35,6.7169
59.3,6.67889
59.25,6.61837
59.2,6.5413
59.15,6.4557
59.1,6.3688
59.05,6.28759
59,6.21492
58.95,6.15311
58.9,6.10449
58.85,6.07087
58.8,6.04992
58.75,6.03983
58.7,6.03802
58.65,6.04242
58.6,6.05147
58.55,6.0644
58.5,6.07966
58.45,6.09673
58.4,6.11458
58.35,6.13242
58.3,6.14975
58.25,6.1663
58.2,6.18363
58.15,6.20432
58.1,6.23044
58.05,6.2638
58,6.30389
57.95,6.3507
57.9,6.40345
57.85,6.46035
57.8,6.51699
57.75,6.56768
57.7,6.60673
57.65,6.62975
57.6,6.63673
57.55,6.62871
57.5,6.60699
57.45,6.57311
57.4,6.5307
57.35,6.48363
57.3,6.4363
57.25,6.39233
57.2,6.35509
57.15,6.32768
57.1,6.31268
57.05,6.31345
57,6.33078
56.95,6.36647
56.9,6.4213
56.85,6.49578
56.8,6.58682
56.75,6.69078
56.7,6.8038
56.65,6.92199
56.6,7.04044
56.55,7.15397
56.5,7.25768
56.45,7.34716
56.4,7.4219
56.35,7.48139
56.3,7.52613
56.25,7.55639
56.2,7.57527
56.15,7.58639
56.1,7.59363
56.05,7.59984
56,7.60578
55.95,7.61199
55.9,7.61871
55.85,7.62596
55.8,7.63397
55.75,7.64277
55.7,7.65285
55.65,7.66397
55.6,7.67716
55.55,7.6932
55.5,7.71363
55.45,7.7382
55.4,7.7669
55.35,7.79846
55.3,7.83156
55.25,7.86544
55.2,7.89828
55.15,7.92828
55.1,7.95415
55.05,7.97484
55,7.99397
54.95,8.01699
54.9,8.04777
54.85,8.09044
54.8,8.14423
54.75,8.20708
54.7,8.27716
54.65,8.35242
54.6,8.43053
54.55,8.50863
54.5,8.58415
54.45,8.65501
54.4,8.71966
54.35,8.77734
54.3,8.82647
54.25,8.86656
54.2,8.89708
54.15,8.91777
54.1,8.92837
54.05,8.92966
54,8.92423
53.95,8.9157
53.9,8.90794
53.85,8.90354
53.8,8.90147
53.75,8.90018
53.7,8.89785
53.65,8.8932
53.6,8.88751
53.55,8.88285
53.5,8.88079
53.45,8.88337
53.4,8.89268
53.35,8.91079
53.3,8.93923
53.25,8.97906
53.2,9.02535
53.15,9.07139
53.1,9.1107
53.05,9.1376
53,9.14794
52.95,9.1376
52.9,9.10346
52.85,9.04346
52.8,8.9638
52.75,8.87225
52.7,8.77682
52.65,8.68475
52.6,8.59889
52.55,8.52208
52.5,8.45613
52.45,8.40259
52.4,8.35941
52.35,8.32346
52.3,8.29165
52.25,8.26139
52.2,8.23216
52.15,8.2032
52.1,8.17475
52.05,8.14656
52,8.11863
51.95,8.09173
51.9,8.06639
51.85,8.04311
51.8,8.02423
51.75,8.01156
51.7,8.00742
51.65,8.01363
51.6,8.03173
51.55,8.06277
51.5,8.10751
51.45,8.16647
51.4,8.23734
51.35,8.31622
51.3,8.40001
51.25,8.48535
51.2,8.5676
51.15,8.6426
51.1,8.70596
51.05,8.75432
51,8.78846
50.95,8.80992
50.9,8.82053
50.85,8.82156
50.8,8.81458
50.75,8.80087
50.7,8.78147
50.65,8.75691
50.6,8.72587
50.55,8.6863
50.5,8.63561
50.45,8.57303
50.4,8.50191
50.35,8.42716
50.3,8.3532
50.25,8.28389
50.2,8.22208
50.15,8.16958
50.1,8.12846
50.05,8.10001
50,8.08139
49.95,8.06897
49.9,8.05966
49.85,8.04984
49.8,8.03872
49.75,8.02527
49.7,8.00846
49.65,7.98803
49.6,7.96604
49.55,7.94432
49.5,7.92518
49.45,7.9107
49.4,7.9019
49.35,7.89984
49.3,7.90527
49.25,7.91897
49.2,7.94096
49.15,7.97173
49.1,8.01078
49.05,8.05811
49,8.11009
48.95,8.16311
48.9,8.21303
48.85,8.25622
48.8,8.28984
48.75,8.3113
48.7,8.31803
48.65,8.3082
48.6,8.28337
48.55,8.24639
48.5,8.19958
48.45,8.1463
48.4,8.09147
48.35,8.04156
48.3,8.00225
48.25,7.97794
48.2,7.96734
48.15,7.96759
48.1,7.97587
48.05,7.98906
48,8.00432
47.95,8.01828
47.9,8.02759
47.85,8.02966
47.8,8.02449
47.75,8.01182
47.7,7.99268
47.65,7.96734
47.6,7.9394
47.55,7.91303
47.5,7.89208
47.45,7.8794
47.4,7.87449
47.35,7.87604
47.3,7.88225
47.25,7.89078
47.2,7.89699
47.15,7.89466
47.1,7.87863
47.05,7.8432
47,7.78656
46.95,7.7069
46.9,7.60216
46.85,7.47259
46.8,7.32415
46.75,7.16509
46.7,7.0032
46.65,6.84544
46.6,6.69673
46.55,6.56173
46.5,6.44458
46.45,6.34863
46.4,6.27311
46.35,6.21699
46.3,6.1782
46.25,6.1557
46.2,6.14716
46.15,6.15078
46.1,6.16423
46.05,6.18595
46,6.21595
45.95,6.25371
45.9,6.29923
45.85,6.35277
45.8,6.41432
45.75,6.48363
45.7,6.56147
45.65,6.64682
45.6,6.73552
45.55,6.82268
45.5,6.90363
45.45,6.97397
45.4,7.03113
45.35,7.0738
45.3,7.09966
45.25,7.10846
45.2,7.10328
45.15,7.08802
45.1,7.06759
45.05,7.04561
45,7.02544
44.95,7.00992
44.9,7.00242
44.85,7.00423
44.8,7.01302
44.75,7.0244
44.7,7.03423
44.65,7.03889
44.6,7.03475
44.55,7.01923
44.5,6.98871
44.45,6.94139
44.4,6.88061
44.35,6.81052
44.3,6.73527
44.25,6.65897
44.2,6.58449
44.15,6.51466
44.1,6.45233
44.05,6.39958
44,6.35613
43.95,6.32147
43.9,6.29483
43.85,6.27466
43.8,6.25785
43.75,6.24104
43.7,6.22061
43.65,6.19294
43.6,6.15673
43.55,6.11018
43.5,6.05199
43.45,5.98113
43.4,5.89733
43.35,5.80087
43.3,5.69173
43.25,5.5707
43.2,5.44164
43.15,5.30897
43.1,5.17656
43.05,5.0488
43,4.92776
42.95,4.81604
42.9,4.71518
42.85,4.62699
42.8,4.55147
42.75,4.48759
42.7,4.43483
42.65,4.39268
42.6,4.35983
42.55,4.33449
42.5,4.31561
42.45,4.30216
42.4,4.29414
42.35,4.29259
42.3,4.29854
42.25,4.31199
42.2,4.33061
42.15,4.35233
42.1,4.37431
42.05,4.39371
42,4.40535
41.95,4.40354
41.9,4.38337
41.85,4.34069
41.8,4.27578
41.75,4.19147
41.7,4.08957
41.65,3.97268
41.6,3.84337
41.55,3.70449
41.5,3.55862
41.45,3.4094
41.4,3.25966
41.35,3.11328
41.3,2.97337
41.25,2.8438
41.2,2.72793
41.15,2.62966
41.1,2.55261
41.05,2.49903
41,2.46556
40.95,2.44751
40.9,2.44011
40.85,2.44022
40.8,2.45072
40.75,2.47611
40.7,2.52088
40.65,2.58905
40.6,2.68345
40.55,2.80578
40.5,2.95888
40.45,3.14224
40.4,3.34733
40.35,3.56354
40.3,3.77975
40.25,3.98612
40.2,4.17673
40.15,4.34638
40.1,4.49018
40.05,4.60423
40,4.69138
39.95,4.75552
39.9,4.80052
39.85,4.83104
39.8,4.8538
39.75,4.87604
39.7,4.90552
39.65,4.94768
39.6,5.00276
39.55,5.06897
39.5,5.14526
39.45,5.22932
39.4,5.31544
39.35,5.39742
39.3,5.46932
39.25,5.5257
39.2,5.56578
39.15,5.58957
39.1,5.59707
39.05,5.58932
39,5.57044
38.95,5.54561
38.9,5.51949
38.85,5.49699
38.8,5.48095
38.75,5.47397
38.7,5.47914
38.65,5.49725
38.6,5.52363
38.55,5.55259
38.5,5.57794
38.45,5.59449
38.4,5.5994
38.35,5.59113
38.3,5.56733
38.25,5.52699
38.2,5.4732
38.15,5.40983
38.1,5.34001
38.05,5.26759
38,5.19259
37.95,5.11552
37.9,5.03613
37.85,4.95492
37.8,4.87371
37.75,4.79457
37.7,4.71983
37.65,4.65207
37.6,4.59569
37.55,4.55483
37.5,4.5344
37.45,4.5375
37.4,4.5644
37.35,4.6138
37.3,4.68466
37.25,4.77518
37.2,4.88225
37.15,5.00147
37.1,5.12897
37.05,5.26138
37,5.39457
36.95,5.52492
36.9,5.6488
36.85,5.76363
36.8,5.86914
36.75,5.96561
36.7,6.05432
36.65,6.13604
36.6,6.21259
36.55,6.28733
36.5,6.36208
36.45,6.43966
36.4,6.51983
36.35,6.60285
36.3,6.6882
36.25,6.77483
36.2,6.85708
36.15,6.92742
36.1,6.97915
36.05,7.00708
36,7.01225
35.95,6.99751
35.9,6.96596
35.85,6.92147
35.8,6.8713
35.75,6.82397
35.7,6.78802
35.65,6.76863
35.6,6.76164
35.55,6.75958
35.5,6.75518
35.45,6.74251
35.4,6.7213
35.35,6.69285
35.3,6.65846
35.25,6.61837
35.2,6.57285
35.15,6.52061
35.1,6.46139
35.05,6.39414
35,6.31914
34.95,6.2369
34.9,6.14742
34.85,6.05199
34.8,5.95578
34.75,5.86397
34.7,5.78225
34.65,5.71526
34.6,5.6638
34.55,5.62707
34.5,5.60509
34.45,5.5963
34.4,5.59811
34.35,5.60664
34.3,5.61802
34.25,5.63044
34.2,5.64673
34.15,5.6713
34.1,5.70828
34.05,5.7613
34,5.8288
33.95,5.90794
33.9,5.99639
33.85,6.09078
33.8,6.18466
33.75,6.27182
33.7,6.34527
33.65,6.39958
33.6,6.43397
33.55,6.44897
33.5,6.44535
33.45,6.42492
33.4,6.39414
33.35,6.36027
33.3,6.33104
33.25,6.31268
33.2,6.30699
33.15,6.31397
33.1,6.33389
33.05,6.36647
33,6.40708
32.95,6.45001
32.9,6.49035
32.85,6.5232
32.8,6.54777
32.75,6.5638
32.7,6.57156
32.65,6.57104
32.6,6.56483
32.55,6.55604
32.5,6.54751
32.45,6.54156
32.4,6.53949
32.35,6.54104
32.3,6.54699
32.25,6.55656
32.2,6.56639
32.15,6.57311
32.1,6.57259
32.05,6.56096
32,6.53742
31.95,6.50018
31.9,6.44845
31.85,6.38225
31.8,6.30337
31.75,6.21544
31.7,6.12182
31.65,6.02613
31.6,5.93561
31.55,5.85854
31.5,5.8032
31.45,5.77526
31.4,5.77397
31.35,5.79647
31.3,5.8394
31.25,5.8994
31.2,5.97208
31.15,6.05147
31.1,6.13268
31.05,6.21078
31,6.28242
30.95,6.34527
30.9,6.39647
30.85,6.43475
30.8,6.46294
30.75,6.48595
30.7,6.50846
30.65,6.5338
30.6,6.56432
30.55,6.6013
30.5,6.6463
30.45,6.69932
30.4,6.75751
30.35,6.81596
30.3,6.87078
30.25,6.91708
30.2,6.95018
30.15,6.96544
30.1,6.95742
30.05,6.92354
30,6.8669
29.95,6.79346
29.9,6.70863
29.85,6.61759
29.8,6.52578
29.75,6.43863
29.7,6.3613
29.65,6.29871
29.6,6.25113
29.55,6.21932
29.5,6.20302
29.45,6.20173
29.4,6.21311
29.35,6.23406
29.3,6.26095
29.25,6.29121
29.2,6.32225
29.15,6.35251
29.1,6.3794
29.05,6.40164
29,6.41845
28.95,6.42983
28.9,6.43578
28.85,6.43682
28.8,6.43527
28.75,6.43423
28.7,6.43682
28.65,6.44535
28.6,6.4619
28.55,6.48751
28.5,6.5232
28.45,6.56975
28.4,6.62509
28.35,6.68613
28.3,6.75052
28.25,6.81596
28.2,6.88346
28.15,6.95483
28.1,7.03216
28.05,7.11492
28,7.19639
27.95,7.26828
27.9,7.32156
27.85,7.35027
27.8,7.35673
27.75,7.34561
27.7,7.32182
27.65,7.28949
27.6,7.25121
27.55,7.2088
27.5,7.16406
27.45,7.1188
27.4,7.07251
27.35,7.0244
27.3,6.97423
27.25,6.92147
27.2,6.86665
27.15,6.81104
27.1,6.75596
27.05,6.7019
27,6.64708
26.95,6.58966
26.9,6.52759
26.85,6.45983
26.8,6.38923
26.75,6.32044
26.7,6.25708
26.65,6.2038
26.6,6.16371
26.55,6.14121
26.5,6.13914
26.45,6.16113
26.4,6.20587
26.35,6.27285
26.3,6.36027
26.25,6.4663
26.2,6.58449
26.15,6.70811
26.1,6.82966
26.05,6.94268
26,7.04225
25.95,7.12397
25.9,7.1832
25.85,7.21682
25.8,7.22742
25.75,7.21915
25.7,7.19561
25.65,7.1607
25.6,7.11544
25.55,7.06035
25.5,6.99596
25.45,6.92277
25.4,6.84337
25.35,6.75983
25.3,6.67449
25.25,6.59044
25.2,6.51492
25.15,6.4557
25.1,6.42052
25.05,6.41587
25,6.44328
24.95,6.50199
24.9,6.59225
24.85,6.71147
24.8,6.84854
24.75,6.99052
24.7,7.12371
24.65,7.23699
24.6,7.32492
24.55,7.38466
24.5,7.41234
24.45,7.4069
24.4,7.37432
24.35,7.32337
24.3,7.26182
24.25,7.19742
24.2,7.13483
24.15,7.0782
24.1,7.0319
24.05,6.99802
24,6.97449
23.95,6.95716
23.9,6.94165
23.85,6.92458
23.8,6.90233
23.75,6.87182
23.7,6.82966
23.65,6.77406
23.6,6.70863
23.55,6.63777
23.5,6.56664
23.45,6.49966
23.4,6.44302
23.35,6.40268
23.3,6.38406
23.25,6.39233
23.2,6.42518
23.15,6.48001
23.1,6.55371
23.05,6.64268
23,6.7394
22.95,6.8369
22.9,6.92742
22.85,7.00371
22.8,7.06242
22.75,7.10018
22.7,7.11415
22.65,7.10302
22.6,7.07406
22.55,7.03708
22.5,7.00165
22.45,6.97552
22.4,6.96415
22.35,6.97087
22.3,6.99932
22.25,7.0513
22.2,7.1219
22.15,7.20415
22.1,7.29078
22.05,7.37535
22,7.45294
21.95,7.5194
21.9,7.57009
21.85,7.60242
21.8,7.61871
21.75,7.62285
21.7,7.61897
21.65,7.6107
21.6,7.59958
21.55,7.58742
21.5,7.57553
21.45,7.56518
21.4,7.55639
21.35,7.54915
21.3,7.54346
21.25,7.53932
21.2,7.53751
21.15,7.53984
21.1,7.54708
21.05,7.56053
21,7.58018
20.95,7.60527
20.9,7.63578
20.85,7.6707
20.8,7.70587
20.75,7.73665
20.7,7.75863
20.65,7.76768
20.6,7.76251
20.55,7.74234
20.5,7.70613
20.45,7.65466
20.4,7.59337
20.35,7.52846
20.3,7.46639
20.25,7.41259
20.2,7.36578
20.15,7.32311
20.1,7.28173
20.05,7.23932
20,7.19458
19.95,7.14647
19.9,7.09397
19.85,7.03656
19.8,6.97682
19.75,6.91811
19.7,6.86328
19.65,6.81544
19.6,6.77458
19.55,6.74096
19.5,6.71458
19.45,6.69518
19.4,6.68199
19.35,6.67449
19.3,6.67242
19.25,6.67527
19.2,6.68509
19.15,6.70527
19.1,6.73785
19.05,6.78544
19,6.84751
18.95,6.92354
18.9,7.01225
18.85,7.11311
18.8,7.22432
18.75,7.34509
18.7,7.47363
18.65,7.60785
18.6,7.7413
18.55,7.86647
18.5,7.97587
18.45,8.06277
18.4,8.12535
18.35,8.16208
18.3,8.17165
18.25,8.15458
18.2,8.11501
18.15,8.05966
18.1,7.99423
18.05,7.92466
18,7.85432
17.95,7.78578
17.9,7.7219
17.85,7.66527
17.8,7.61458
17.75,7.56854
17.7,7.52587
17.65,7.48552
17.6,7.44802
17.55,7.4144
17.5,7.38596
17.45,7.36371
17.4,7.35001
17.35,7.34716
17.3,7.35751
17.25,7.38285
17.2,7.42061
17.15,7.4669
17.1,7.51837
17.05,7.57165
17,7.62389
16.95,7.67199
16.9,7.71337
16.85,7.7457
16.8,7.7682
16.75,7.78061
16.7,7.78268
16.65,7.77415
16.6,7.75837
16.55,7.73846
16.5,7.71751
16.45,7.69837
16.4,7.68285
16.35,7.67096
16.3,7.66371
16.25,7.66165
16.2,7.66475
16.15,7.67328
16.1,7.68699
16.05,7.70613
16,7.73173
15.95,7.76509
15.9,7.80725
15.85,7.85975
15.8,7.9244
15.75,8.0038
15.7,8.10027
15.65,8.21406
15.6,8.34156
15.55,8.4763
15.5,8.61311
15.45,8.74553
15.4,8.86527
15.35,8.96329
15.3,9.03104
15.25,9.0613
15.2,9.05329
15.15,9.00777
15.1,8.92553
15.05,8.80811
15,8.65889
14.95,8.48173
14.9,8.28078
14.85,8.0607
14.8,7.82923
14.75,7.5957
14.7,7.36889
14.65,7.15656
14.6,6.96259
14.55,6.79035
14.5,6.64268
14.45,6.5219
14.4,6.42725
14.35,6.35742
14.3,6.31087
14.25,6.28682
14.2,6.28682
14.15,6.31294
14.1,6.36751
14.05,6.4513
14,6.55914
13.95,6.68483
13.9,6.82216
13.85,6.96389
13.8,7.0994
13.75,7.21656
13.7,7.30346
13.65,7.35104
13.6,7.35958
13.55,7.3319
13.5,7.27087
13.45,7.1819
13.4,7.08001
13.35,6.98328
13.3,6.90958
13.25,6.87311
13.2,6.87233
13.15,6.90233
13.1,6.95846
13.05,7.03527
13,7.12708
12.95,7.22794
12.9,7.3319
12.85,7.43406
12.8,7.53234
12.75,7.62492
12.7,7.71104
12.65,7.78889
12.6,7.85665
12.55,7.91199
12.5,7.95285
12.45,7.97794
12.4,7.98906
12.35,7.98906
12.3,7.98078
12.25,7.9663
12.2,7.94742
12.15,7.92466
12.1,7.89932
12.05,7.87294
12,7.85096
11.95,7.83906
11.9,7.8432
11.85,7.86751
11.8,7.9063
11.75,7.95208
11.7,7.99682
11.65,8.03432
11.6,8.06018
11.55,8.07156
11.5,8.06535
11.45,8.04053
11.4,8.00277
11.35,7.95958
11.3,7.91794
11.25,7.88484
11.2,7.86182
11.15,7.85018
11.1,7.85096
11.05,7.8644
11,7.89001
10.95,7.92622
10.9,7.97225
10.85,8.02553
10.8,8.08061
10.75,8.13104
10.7,8.16958
10.65,8.19182
10.6,8.19751
10.55,8.1882
10.5,8.1657
10.45,8.13182
10.4,8.08889
10.35,8.04053
10.3,7.98932
10.25,7.93785
10.2,7.88768
10.15,7.83984
10.1,7.79484
10.05,7.75397
10,7.7157
9.95,7.67923
9.9,7.64277
9.85,7.60527
9.8,7.56621
9.75,7.52535
9.7,7.48242
9.65,7.4382
9.6,7.39708
9.55,7.36527
9.5,7.34794
9.45,7.34923
9.4,7.36475
9.35,7.38854
9.3,7.41415
9.25,7.43613
9.2,7.45113
9.15,7.4563
9.1,7.44854
9.05,7.42604
9,7.39165
8.95,7.34871
8.9,7.30061
8.85,7.25096
8.8,7.20078
8.75,7.15113
8.7,7.10302
8.65,7.05854
8.6,7.02311
8.55,7.0032
8.5,7.00578
8.45,7.03449
8.4,7.08208
8.35,7.1382
8.3,7.19354
8.25,7.23906
8.2,7.27242
8.15,7.29337
8.1,7.30087
8.05,7.29518
8,7.28044
7.95,7.26259
7.9,7.24682
7.85,7.23699
7.8,7.2313
7.75,7.2269
7.7,7.22044
7.65,7.20984
7.6,7.19871
7.55,7.19121
7.5,7.19225
7.45,7.20544
7.4,7.23027
7.35,7.2657
7.3,7.31044
7.25,7.36268
7.2,7.41828
7.15,7.47156
7.1,7.51785
7.05,7.55277
7,7.57475
6.95,7.58406
6.9,7.58018
6.85,7.56363
6.8,7.53906
6.75,7.51242
6.7,7.4894
6.65,7.47415
6.6,7.46561
6.55,7.4607
6.5,7.45682
6.45,7.45139
6.4,7.44415
6.35,7.43406
6.3,7.42087
6.25,7.40509
6.2,7.39009
6.15,7.38078
6.1,7.38156
6.05,7.3963
6,7.4263
5.95,7.47156
5.9,7.53234
5.85,7.60811
5.8,7.69216
5.75,7.77699
5.7,7.85458
5.65,7.91872
5.6,7.96889
5.55,8.00613
5.5,8.03096
5.45,8.04466
5.4,8.04906
5.35,8.04647
5.3,8.03897
5.25,8.02837
5.2,8.01492
5.15,7.99837
5.1,7.97872
5.05,7.95647
5,7.93423
4.95,7.91484
4.9,7.90139
4.85,7.89673
4.8,7.90009
4.75,7.91044
4.7,7.92647
4.65,7.94665
4.6,7.96656
4.55,7.98208
4.5,7.98803
4.45,7.98182
4.4,7.96966
4.35,7.9588
4.3,7.95725
4.25,7.97122
4.2,7.99915
4.15,8.03794
4.1,8.08449
4.05,8.1357
4,8.18923
3.95,8.24277
3.9,8.29397
3.85,8.34053
3.8,8.38087
3.75,8.41346
3.7,8.43622
3.65,8.44759
3.6,8.44423
3.55,8.42225
3.5,8.37828
3.45,8.31053
3.4,8.22699
3.35,8.13725
3.3,8.05113
3.25,7.97794
3.2,7.92311
3.15,7.89156
3.1,7.88794
3.05,7.91613
3,7.9738
2.95,8.05759
2.9,8.16441
2.85,8.29035
2.8,8.43078
2.75,8.58053
2.7,8.73441
2.65,8.88777
2.6,9.03389
2.55,9.16734
2.5,9.28191
2.45,9.37268
2.4,9.43966
2.35,9.48337
2.3,9.50484
2.25,9.50587
2.2,9.49191
2.15,9.46889
2.1,9.44277
2.05,9.42001
2,9.40527
1.95,9.40398
1.9,9.42156
1.85,9.46113
1.8,9.51932
1.75,9.59096
1.7,9.67061
1.65,9.75182
1.6,9.82346
1.55,9.87311
1.5,9.88863
1.45,9.86096
1.4,9.79527
1.35,9.70061
1.3,9.58604
1.25,9.46035
1.2,9.33337
1.15,9.21492
1.1,9.1151
1.05,9.04191
1,8.99561
0.95,8.97466
0.9,8.97751
0.85,9.0013
0.8,9.04165
0.75,9.09208
0.7,9.14742
0.65,9.20096
0.6,9.24544
0.55,9.27337
0.5,9.27648
0.45,9.2488
0.4,9.19113
0.35,9.10656
0.3,8.99768
0.25,8.86785
0.2,8.72535
0.15,8.57872
0.1,8.43673
0.05,8.30613
0,8.18406